service,key,layer
TMS,administratif,ADMIN_EXPRESS
TMS,altimetrie,ISOHYPSE
TMS,cartes,PLAN.IGN
TMS,essentiels,ADMIN_EXPRESS
TMS,essentiels,PLAN.IGN
TMS,ocsge,OCSGE_2016
TMS,ocsge,OCSGE_2019
TMS,parcellaire,PCI
TMS,topographie,BDTOPO
WMS,administratif,ADMINEXPRESS-COG.LATEST
WMS,administratif,ADMINEXPRESS-COG-CARTO.LATEST
WMS,administratif,LIMITES_ADMINISTRATIVES_EXPRESS.LATEST
WMS,agriculture,HYDROGRAPHY.BCAE.LATEST
WMS,agriculture,PRAIRIES.SENSIBLES.BCAE
WMS,agriculture,GEOGRAPHICALGRIDSYSTEMS.SLOPES.PAC
WMS,agriculture,LANDUSE.AGRICULTURE2007
WMS,agriculture,LANDUSE.AGRICULTURE2008
WMS,agriculture,LANDUSE.AGRICULTURE2009
WMS,agriculture,LANDUSE.AGRICULTURE2010
WMS,agriculture,LANDUSE.AGRICULTURE2011
WMS,agriculture,LANDUSE.AGRICULTURE2012
WMS,agriculture,LANDUSE.AGRICULTURE2013
WMS,agriculture,LANDUSE.AGRICULTURE2014
WMS,agriculture,LANDUSE.AGRICULTURE2015
WMS,agriculture,LANDUSE.AGRICULTURE2016
WMS,agriculture,LANDUSE.AGRICULTURE2017
WMS,agriculture,LANDUSE.AGRICULTURE2018
WMS,agriculture,LANDUSE.AGRICULTURE2019
WMS,agriculture,LANDUSE.AGRICULTURE2020
WMS,agriculture,LANDUSE.AGRICULTURE2021
WMS,agriculture,LANDUSE.AGRICULTURE.LATEST
WMS,altimetrie,GEOGRAPHICALGRIDSYSTEMS.SLOPES.MOUNTAIN
WMS,altimetrie,ELEVATION.CONTOUR.LINE
WMS,altimetrie,ELEVATION.ELEVATIONGRIDCOVERAGE.SHADOW
WMS,altimetrie,ELEVATION.ELEVATIONGRIDCOVERAGE.HIGHRES.MNS.SHADOW
WMS,altimetrie,ELEVATIONGRIDCOVERAGE.HIGHRES.QUALITY
WMS,altimetrie,ELEVATION.ELEVATIONGRIDCOVERAGE.HIGHRES.MNS
WMS,altimetrie,ELEVATION.ELEVATIONGRIDCOVERAGE
WMS,altimetrie,ELEVATION.ELEVATIONGRIDCOVERAGE.SRTM3
WMS,altimetrie,ELEVATION.ELEVATIONGRIDCOVERAGE.HIGHRES
WMS,altimetrie,ELEVATION.ELEVATIONGRIDCOVERAGE.THRESHOLD
WMS,altimetrie,RGEALTI-MNT_PYR-ZIP_FXX_LAMB93_WMS
WMS,altimetrie,RGEALTI-MNT_PYR-ZIP_GLP_WGS84UTM20_WMS
WMS,altimetrie,RGEALTI-MNT_PYR-ZIP_MTQ_WGS84UTM20_WMS
WMS,altimetrie,RGEALTI-MNT_PYR-ZIP_GUF_UTM22RGFG95_WMS
WMS,altimetrie,RGEALTI-MNT_PYR-ZIP_REU_RGR92UTM40S_WMS
WMS,altimetrie,RGEALTI-MNT_PYR-ZIP_SPM_RGSPM06U21_WMS
WMS,altimetrie,RGEALTI-MNT_PYR-ZIP_MYT_RGM04UTM38S_WMS
WMS,cartes,GEOGRAPHICALGRIDSYSTEMS.ETATMAJOR10
WMS,cartes,GEOGRAPHICALGRIDSYSTEMS.ETATMAJOR40
WMS,cartes,GEOGRAPHICALGRIDSYSTEMS.PLANIGNV2
WMS,cartes,GEOGRAPHICALGRIDSYSTEMS.MAPS.BDUNI.J1
WMS,cartes,GEOGRAPHICALGRIDSYSTEMS.TERRIER_V1
WMS,cartes,GEOGRAPHICALGRIDSYSTEMS.TERRIER_V2
WMS,cartes,SCAN1000_PYR-JPEG_WLD_WM
WMS,cartes,GEOGRAPHICALGRIDSYSTEMS.MAPS.SCAN50.1950
WMS,cartes,SCANDEP_PYR-JPEG_FXX_WM
WMS,cartes,SCANREG_PYR-JPEG_WLD_WM
WMS,clc,LANDCOVER.CLC90_FR
WMS,clc,LANDCOVER.GRID.CLC90_FR
WMS,clc,LANDCOVER.CLC00_FR
WMS,clc,LANDCOVER.GRID.CLC00
WMS,clc,LANDCOVER.GRID.CLC00_FR
WMS,clc,LANDCOVER.GRID.CLC00_DOM
WMS,clc,LANDCOVER.GRID.CLC00R_FR
WMS,clc,LANDCOVER.CLC00_DOM
WMS,clc,LANDCOVER.CLC00R_FR
WMS,clc,LANDCOVER.CLC06_FR
WMS,clc,LANDCOVER.GRID.CLC06
WMS,clc,LANDCOVER.GRID.CLC06_FR
WMS,clc,LANDCOVER.GRID.CLC06_DOM
WMS,clc,LANDCOVER.GRID.CLC06R
WMS,clc,LANDCOVER.GRID.CLC06R_FR
WMS,clc,LANDCOVER.GRID.CLC06R_DOM
WMS,clc,LANDCOVER.CLC06_DOM
WMS,clc,LANDCOVER.CLC06R_FR
WMS,clc,LANDCOVER.CLC06R_DOM
WMS,clc,LANDCOVER.CLC12_FR
WMS,clc,LANDCOVER.GRID.CLC12
WMS,clc,LANDCOVER.CLC12_DOM
WMS,clc,LANDCOVER.HR.TCD.CLC12
WMS,clc,LANDCOVER.HR.IMD.CLC12
WMS,clc,LANDCOVER.HR.DLT.CLC12
WMS,clc,LANDCOVER.CLC12R
WMS,clc,LANDCOVER.CLC12R_FR
WMS,clc,LANDCOVER.CLC12R_DOM
WMS,clc,LANDCOVER.HR.GRA.CLC15
WMS,clc,LANDCOVER.HR.TCD.CLC15
WMS,clc,LANDCOVER.HR.IMD.CLC15
WMS,clc,LANDCOVER.HR.DLT.CLC15
WMS,clc,LANDCOVER.HR.WAW.CLC15
WMS,clc,LANDCOVER.CLC18
WMS,clc,LANDCOVER.CLC18_FR
WMS,clc,LANDCOVER.CLC18_DOM
WMS,clc,LANDCOVER.CHA00_FR
WMS,clc,LANDCOVER.CHA06_FR
WMS,clc,LANDCOVER.CHA06_DOM
WMS,clc,LANDCOVER.CHA12_FR
WMS,clc,LANDCOVER.CHA12_DOM
WMS,clc,LANDCOVER.CHA18_FR
WMS,clc,LANDCOVER.CHA18_DOM
WMS,clc,LANDCOVER.CHA18
WMS,cle personnelle *,GEOGRAPHICALGRIDSYSTEMS.MAPS
WMS,cle personnelle *,SCAN100_PYR-JPEG_WLD_WM
WMS,cle personnelle *,SCAN100_PYR-PNG_FXX_LAMB93
WMS,cle personnelle *,SCAN25TOUR_PYR-JPEG_WLD_WM
WMS,cle personnelle *,SCANOACI_PYR-JPEG_WLD_WM
WMS,economie,INSEE.FILOSOFI.PART.ENFANTS.0.17.ANS.SECRET
WMS,economie,INSEE.FILOSOFI.PART.PLUS.65.ANS.SECRET
WMS,economie,INSEE.FILOSOFI.POPULATION
WMS,economie,DREAL.ZONAGE_PINEL
WMS,economie,INSEE.FILOSOFI.PART.FAMILLES.MONOPARENTALES.SECRET
WMS,economie,INSEE.FILOSOFI.PART.INDIVIDUS.25.39.ANS.SECRET
WMS,economie,INSEE.FILOSOFI.PART.INDIVIDUS.40.54.ANS.SECRET
WMS,economie,INSEE.FILOSOFI.PART.INDIVIDUS.55.64.ANS.SECRET
WMS,economie,INSEE.FILOSOFI.PART.LOGEMENTS.COLLECTIFS.SECRET
WMS,economie,INSEE.FILOSOFI.PART.LOGEMENTS.APRES.1990.SECRET
WMS,economie,INSEE.FILOSOFI.PART.LOGEMENTS.AVANT.1945.SECRET
WMS,economie,INSEE.FILOSOFI.PART.LOGEMENTS.CONSTRUITS.1945.1970.SECRET
WMS,economie,INSEE.FILOSOFI.PART.LOGEMENTS.CONSTRUITS.1970.1990.SECRET
WMS,economie,INSEE.FILOSOFI.PART.LOGEMENTS.SOCIAUX.SECRET
WMS,economie,INSEE.FILOSOFI.PART.MENAGES.5.PERSONNES.OUPLUS.SECRET
WMS,economie,INSEE.FILOSOFI.PART.MENAGES.1.PERSONNE.SECRET
WMS,economie,INSEE.FILOSOFI.PART.MENAGES.MAISON.SECRET
WMS,economie,INSEE.FILOSOFI.PART.MENAGES.PAUVRES.SECRET
WMS,economie,INSEE.FILOSOFI.PART.MENAGES.PROPRIETAIRES.SECRET
WMS,economie,INSEE.FILOSOFI.NIVEAU.DE.VIE.SECRET
WMS,economie,INSEE.FILOSOFI.LOGEMENTS.SURFACE.MOYENNE.SECRET
WMS,enr,POTENTIEL.VENT.140M
WMS,enr,POTENTIEL.VENT.160M
WMS,environnement,PROTECTEDAREAS.GP
WMS,environnement,PROTECTEDAREAS.APLG
WMS,environnement,PROTECTEDAREAS.APHN
WMS,environnement,PROTECTEDAREAS.APB
WMS,environnement,PROTECTEDAREAS.APG
WMS,environnement,GEOGRAPHICALGRIDSYSTEM.DFCI
WMS,environnement,LANDCOVER.FORESTINVENTORY.V1
WMS,environnement,LANDCOVER.FORESTINVENTORY.V2
WMS,environnement,PROTECTEDAREAS.MNHN.CDL.PARCELS
WMS,environnement,PROTECTEDAREAS.MNHN.CDL.PERIMETER
WMS,environnement,PROTECTEDAREAS.MNHN.CONSERVATOIRES
WMS,environnement,FORETS.PUBLIQUES
WMS,environnement,PROTECTEDAREAS.INPG
WMS,environnement,PROTECTEDAREAS.PN
WMS,environnement,PROTECTEDAREAS.PNM
WMS,environnement,PROTECTEDAREAS.PNR
WMS,environnement,PROTECTEDAREAS.MNHN.RN.PERIMETER
WMS,environnement,PROTECTEDAREAS.PRSF
WMS,environnement,PROTECTEDAREAS.RB
WMS,environnement,PROTECTEDAREAS.BIOS
WMS,environnement,PROTECTEDAREAS.RIPN
WMS,environnement,PROTECTEDAREAS.RNCF
WMS,environnement,PROTECTEDAREAS.RNC
WMS,environnement,PROTECTEDAREAS.RN
WMS,environnement,PROTECTEDSITES.MNHN.RESERVES-REGIONALES
WMS,environnement,PROTECTEDAREAS.SIC
WMS,environnement,PROTECTEDAREAS.ZPS
WMS,environnement,PROTECTEDAREAS.ZNIEFF1
WMS,environnement,PROTECTEDAREAS.ZNIEFF1.SEA
WMS,environnement,PROTECTEDAREAS.ZNIEFF2
WMS,environnement,PROTECTEDAREAS.ZNIEFF2.SEA
WMS,environnement,PROTECTEDAREAS.ZPR
WMS,essentiels,LIMITES_ADMINISTRATIVES_EXPRESS.LATEST
WMS,essentiels,CADASTRALPARCELS.PARCELLAIRE_EXPRESS
WMS,essentiels,ORTHOIMAGERY.ORTHOPHOTOS
WMS,essentiels,GEOGRAPHICALGRIDSYSTEMS.PLANIGNV2
WMS,inspire,OI.OrthoimageCoverage
WMS,inspire,OI.OrthoimageCoverage.HR
WMS,inspire,CP.CadastralParcel
WMS,inspire,EL.GridCoverage
WMS,lambert93,SCANEM40_PYR_PNG_FXX_LAMB93
WMS,lambert93,ELEVATION.ELEVATIONGRIDCOVERAGE.HIGHRES.MNS.L93
WMS,ocsge,OCSGE.CONSTRUCTIONS
WMS,ocsge,OCSGE.CONSTRUCTIONS.2010
WMS,ocsge,OCSGE.CONSTRUCTIONS.2011
WMS,ocsge,OCSGE.CONSTRUCTIONS.2016
WMS,ocsge,OCSGE.CONSTRUCTIONS.2017
WMS,ocsge,OCSGE.CONSTRUCTIONS.2019
WMS,ocsge,OCSGE.COUVERTURE
WMS,ocsge,OCSGE.COUVERTURE.2010
WMS,ocsge,OCSGE.COUVERTURE.2011
WMS,ocsge,OCSGE.COUVERTURE.2016
WMS,ocsge,OCSGE.COUVERTURE.2017
WMS,ocsge,OCSGE.COUVERTURE.2019
WMS,ocsge,OCSGE.USAGE
WMS,ocsge,OCSGE.USAGE.2010
WMS,ocsge,OCSGE.USAGE.2011
WMS,ocsge,OCSGE.USAGE.2016
WMS,ocsge,OCSGE.USAGE.2017
WMS,ocsge,OCSGE.USAGE.2019
WMS,ocsge,OCSGE.VISU.2019
WMS,ocsge,OCSGE.VISU.2016
WMS,ortho,HR.ORTHOIMAGERY.ORTHOPHOTOS
WMS,ortho,ORTHOIMAGERY.ORTHOPHOTOS.BDORTHO
WMS,ortho,ORTHOIMAGERY.ORTHOPHOTOS.ORTHO-EXPRESS.2022
WMS,ortho,ORTHOIMAGERY.ORTHOPHOTOS.ORTHO-EXPRESS.2023
WMS,ortho,ORTHOIMAGERY.ORTHOPHOTOS.IRC-EXPRESS.2022
WMS,ortho,ORTHOIMAGERY.ORTHOPHOTOS.IRC-EXPRESS.2023
WMS,ortho,ORTHOIMAGERY.ORTHOPHOTOS.IRC
WMS,ortho,THR.ORTHOIMAGERY.ORTHOPHOTOS
WMS,ortho,ORTHOIMAGERY.ORTHOPHOTOS.ORTHO-ASP_PAC2023
WMS,ortho,PCRS.LAMB93
WMS,ortho,ORTHOIMAGERY.ORTHOPHOTOS
WMS,ortho,ORTHOIMAGERY.ORTHOPHOTOS.TPM.OMBRES
WMS,ortho,ORTHOIMAGERY.ORTHOPHOS.RESTRICTEDAREAS
WMS,orthohisto,ORTHOIMAGERY.ORTHOPHOTOS.1950-1965
WMS,orthohisto,ORTHOIMAGERY.ORTHOPHOTOS.SOCLE-ASP.2018
WMS,orthohisto,ORTHOIMAGERY.ORTHOPHOTOS.ORTHO-EXPRESS.2021
WMS,orthohisto,ORTHOIMAGERY.ORTHOPHOTOS.IRC-EXPRESS.2021
WMS,orthohisto,ORTHOIMAGERY.ORTHOPHOTOS.IRC.2012
WMS,orthohisto,ORTHOIMAGERY.ORTHOPHOTOS.IRC.2013
WMS,orthohisto,ORTHOIMAGERY.ORTHOPHOTOS.IRC.2014
WMS,orthohisto,ORTHOIMAGERY.ORTHOPHOTOS.IRC.2015
WMS,orthohisto,ORTHOIMAGERY.ORTHOPHOTOS.IRC.2016
WMS,orthohisto,ORTHOIMAGERY.ORTHOPHOTOS.IRC.2017
WMS,orthohisto,ORTHOIMAGERY.ORTHOPHOTOS.IRC.2018
WMS,orthohisto,ORTHOIMAGERY.ORTHOPHOTOS.IRC.2019
WMS,orthohisto,ORTHOIMAGERY.ORTHOPHOTOS.IRC.2020
WMS,orthohisto,ORTHOIMAGERY.ORTHOPHOTOS.ORTHO-ASP_PAC2020
WMS,orthohisto,ORTHOIMAGERY.ORTHOPHOTOS.ORTHO-ASP_PAC2021
WMS,orthohisto,ORTHOIMAGERY.ORTHOPHOTOS.ORTHO-ASP_PAC2022
WMS,orthohisto,ORTHOIMAGERY.ORTHOPHOTOS.URGENCE.ALEX
WMS,orthohisto,ORTHOIMAGERY.ORTHOPHOTOS2000
WMS,orthohisto,ORTHOIMAGERY.ORTHOPHOTOS2000-2005
WMS,orthohisto,ORTHOIMAGERY.ORTHOPHOTOS2001
WMS,orthohisto,ORTHOIMAGERY.ORTHOPHOTOS2002
WMS,orthohisto,ORTHOIMAGERY.ORTHOPHOTOS2003
WMS,orthohisto,ORTHOIMAGERY.ORTHOPHOTOS2004
WMS,orthohisto,ORTHOIMAGERY.ORTHOPHOTOS2005
WMS,orthohisto,ORTHOIMAGERY.ORTHOPHOTOS2006
WMS,orthohisto,ORTHOIMAGERY.ORTHOPHOTOS2006-2010
WMS,orthohisto,ORTHOIMAGERY.ORTHOPHOTOS2007
WMS,orthohisto,ORTHOIMAGERY.ORTHOPHOTOS2008
WMS,orthohisto,ORTHOIMAGERY.ORTHOPHOTOS2009
WMS,orthohisto,ORTHOIMAGERY.ORTHOPHOTOS2010
WMS,orthohisto,ORTHOIMAGERY.ORTHOPHOTOS2011
WMS,orthohisto,ORTHOIMAGERY.ORTHOPHOTOS2011-2015
WMS,orthohisto,ORTHOIMAGERY.ORTHOPHOTOS2012
WMS,orthohisto,ORTHOIMAGERY.ORTHOPHOTOS2013
WMS,orthohisto,ORTHOIMAGERY.ORTHOPHOTOS2014
WMS,orthohisto,ORTHOIMAGERY.ORTHOPHOTOS2015
WMS,orthohisto,ORTHOIMAGERY.ORTHOPHOTOS2016
WMS,orthohisto,ORTHOIMAGERY.ORTHOPHOTOS2017
WMS,orthohisto,ORTHOIMAGERY.ORTHOPHOTOS2018
WMS,orthohisto,ORTHOIMAGERY.ORTHOPHOTOS2019
WMS,orthohisto,ORTHOIMAGERY.ORTHOPHOTOS2020
WMS,parcellaire,CADASTRALPARCELS.PARCELS
WMS,parcellaire,CADASTRALPARCELS.HEATMAP
WMS,parcellaire,Aire-Parcellaire
WMS,parcellaire,CADASTRALPARCELS.PARCELLAIRE_EXPRESS
WMS,parcellaire,CADASTRALPARCELS.HISTO.2008-2013.PARCELS
WMS,satellite,ORTHOIMAGERY.ORTHO-SAT.PLEIADES.2012
WMS,satellite,ORTHOIMAGERY.ORTHO-SAT.PLEIADES.2013
WMS,satellite,ORTHOIMAGERY.ORTHO-SAT.PLEIADES.2014
WMS,satellite,ORTHOIMAGERY.ORTHO-SAT.PLEIADES.2015
WMS,satellite,ORTHOIMAGERY.ORTHO-SAT.PLEIADES.2016
WMS,satellite,ORTHOIMAGERY.ORTHO-SAT.PLEIADES.2017
WMS,satellite,ORTHOIMAGERY.ORTHO-SAT.PLEIADES.2018
WMS,satellite,ORTHOIMAGERY.ORTHO-SAT.PLEIADES.2019
WMS,satellite,ORTHOIMAGERY.ORTHO-SAT.PLEIADES.2020
WMS,satellite,ORTHOIMAGERY.ORTHO-SAT.PLEIADES.2021
WMS,satellite,ORTHOIMAGERY.ORTHO-SAT.PLEIADES.2022
WMS,satellite,ORTHOIMAGERY.ORTHO-SAT.RAPIDEYE.2010
WMS,satellite,ORTHOIMAGERY.ORTHO-SAT.RAPIDEYE.2011
WMS,satellite,ORTHOIMAGERY.ORTHO-SAT.SPOT.2013
WMS,satellite,ORTHOIMAGERY.ORTHO-SAT.SPOT.2014
WMS,satellite,ORTHOIMAGERY.ORTHO-SAT.SPOT.2015
WMS,satellite,ORTHOIMAGERY.ORTHO-SAT.SPOT.2016
WMS,satellite,ORTHOIMAGERY.ORTHO-SAT.SPOT.2017
WMS,satellite,ORTHOIMAGERY.ORTHO-SAT.SPOT.2018
WMS,satellite,ORTHOIMAGERY.ORTHO-SAT.SPOT.2019
WMS,satellite,ORTHOIMAGERY.ORTHO-SAT.SPOT.2020
WMS,satellite,ORTHOIMAGERY.ORTHO-SAT.SPOT.2021
WMS,sol,BDCARTO_ETAT-MAJOR.NIVEAU3
WMS,sol,BDCARTO_ETAT-MAJOR.NIVEAU4
WMS,transports,SECUROUTE.TE.PN
WMS,transports,SECUROUTE.TE.PND
WMS,transports,SECUROUTE.TE.ALL
WMS,transports,SECUROUTE.TE.OA
WMS,transports,SECUROUTE.TE.1TE
WMS,transports,SECUROUTE.TE.2TE48
WMS,transports,SECUROUTE.TE.TE72
WMS,transports,SECUROUTE.TE.TE94
WMS,transports,SECUROUTE.TE.TE120
WMS,transports,TRANSPORTS.DRONES.RESTRICTIONS
WMS,transports,TRANSPORTNETWORKS.ROADS.DIRECTION
WMS,adresse,BAN.DATA.GOUV
WMS,altimetrie,ELEVATIONGRIDCOVERAGE.HIGHRES.QUALITY
WMS,cartes,GEOGRAPHICALGRIDSYSTEMS.MAPS.SCAN25.GRAPHE-MOSAIQUAGE
WMS,cartovecto,BDCARTO-ADMINISTRATIF_WLD_WGS84G
WMS,cartovecto,BDCARTO-BATI_WLD_WGS84G
WMS,cartovecto,BDCARTO-HYDROGRAPHIE_WLD_WGS84G
WMS,cartovecto,BDCARTO-LIEUX_NOMMES_WLD_WGS84G
WMS,cartovecto,BDCARTO-OCCUPATION_DU_SOL_WLD_WGS84G
WMS,cartovecto,BDCARTO-SERVICE_ET_ACTIVITES_WLD_WGS84G
WMS,cartovecto,BDCARTO-TRANSPORT_WLD_WGS84G
WMS,cartovecto,BDCARTO-ZONES_REGLEMENTEES_WLD_WGS84G
WMS,cartovecto,STATISTICALUNITS.IRIS
WMS,cartovecto,STATISTICALUNITS.IRISGE
WMS,cartovecto,CLEFVERTE
WMS,cartovecto,COMMUNESTOURISTIQUES
WMS,cartovecto,PAVILLONBLEU
WMS,cartovecto,STATIONSCLASSEES
WMS,cartovecto,STATIONSVERTES
WMS,cartovecto,VILLAGESETAPE
WMS,economie,INSEE.FILOSOFI.PART.ENFANTS.0.17.ANS.SECRET
WMS,economie,INSEE.FILOSOFI.PART.PLUS.65.ANS.SECRET
WMS,economie,INSEE.FILOSOFI.POPULATION
WMS,economie,DREAL.ZONAGE_PINEL
WMS,economie,INSEE.FILOSOFI.PART.FAMILLES.MONOPARENTALES.SECRET
WMS,economie,INSEE.FILOSOFI.PART.INDIVIDUS.25.39.ANS.SECRET
WMS,economie,INSEE.FILOSOFI.PART.INDIVIDUS.40.54.ANS.SECRET
WMS,economie,INSEE.FILOSOFI.PART.INDIVIDUS.55.64.ANS.SECRET
WMS,economie,INSEE.FILOSOFI.PART.LOGEMENTS.COLLECTIFS.SECRET
WMS,economie,INSEE.FILOSOFI.PART.LOGEMENTS.APRES.1990.SECRET
WMS,economie,INSEE.FILOSOFI.PART.LOGEMENTS.AVANT.1945.SECRET
WMS,economie,INSEE.FILOSOFI.PART.LOGEMENTS.CONSTRUITS.1945.1970.SECRET
WMS,economie,INSEE.FILOSOFI.PART.LOGEMENTS.CONSTRUITS.1970.1990.SECRET
WMS,economie,INSEE.FILOSOFI.PART.LOGEMENTS.SOCIAUX.SECRET
WMS,economie,INSEE.FILOSOFI.PART.MENAGES.5.PERSONNES.OUPLUS.SECRET
WMS,economie,INSEE.FILOSOFI.PART.MENAGES.1.PERSONNE.SECRET
WMS,economie,INSEE.FILOSOFI.PART.MENAGES.MAISON.SECRET
WMS,economie,INSEE.FILOSOFI.PART.MENAGES.PAUVRES.SECRET
WMS,economie,INSEE.FILOSOFI.PART.MENAGES.PROPRIETAIRES.SECRET
WMS,economie,INSEE.FILOSOFI.NIVEAU.DE.VIE.SECRET
WMS,economie,INSEE.FILOSOFI.LOGEMENTS.SURFACE.MOYENNE.SECRET
WMS,enr,CONSO.ELEC.COMMUNE
WMS,enr,CONSO.GAZ.COMMUNE
WMS,enr,ENR.AERO.CIVIL
WMS,enr,ENR.AERO.MILITAIRE
WMS,enr,ENR.PERIMETRE.HABITATION
WMS,enr,ENR.PERIMETRE.PENTE
WMS,enr,ENR.PERIMETRE.ROUTE
WMS,enr,ENR.PERIMETRE.VOIE.FERREE
WMS,enr,SITE.PRODUCTION.CHALEUR.RC.BRETAGNE
WMS,enr,SITE.PRODUCTION.CHALEUR.RC.PACA
WMS,environnement,MESURES_COMPENSATOIRES
WMS,environnement,DEBROUSSAILLEMENT
WMS,essentiels,ORTHOIMAGERY.ORTHOPHOTOS.GRAPHE-MOSAIQUAGE
WMS,geodesie,BDGEODESIQUE-SITE-RBF_BDD-POI_WLD
WMS,geodesie,BDGEODESIQUE-SITE-RDF_BDD-POI_WLD
WMS,geodesie,BDGEODESIQUE-RN_BDD-POI_WLD
WMS,geodesie,BDGEODESIQUE-RGP_BDD-POI_WLD
WMS,geodesie,BDGEODESIQUE-TRIPLET_BDD-POI_WLD
WMS,inspire,BU.Building
WMS,inspire,TN.AirTransportNetwork
WMS,inspire,TN.RailTransportNetwork
WMS,inspire,TN.RoadTransportNetwork
WMS,inspire,TN.RoadTransportNetwork-2
WMS,inspire,GN.GeographicalNames
WMS,inspire,AD.Address
WMS,inspire,AU.AdministrativeUnit
WMS,inspire,HY.PhysicalWaters
WMS,inspire,US.UtilityAndGovernmentalServices
WMS,ortho,ORTHOIMAGERY.ORTHOPHOTOS.GRAPHE-MOSAIQUAGE
WMS,ortho,ORTHOIMAGERY.ORTHOPHOTOS.ORTHO-EXPRESS.GRAPHE-MOSAIQUAGE
WMS,orthohisto,ORTHOIMAGERY.ORTHOPHOTOS.1950-1965.GRAPHE-MOSAIQUAGE
WMS,orthohisto,ORTHOIMAGERY.ORTHOPHOTOS.GRAPHE-2000-2005
WMS,orthohisto,ORTHOIMAGERY.ORTHOPHOTOS.GRAPHE-2006-2010
WMS,orthohisto,ORTHOIMAGERY.ORTHOPHOTOS.GRAPHE-2011-2015
WMS,orthohisto,ORTHOIMAGERY.ORHOPHOTOS.URGENCE.ALEX.GRAPHE-MOSAIQUAGE
WMS,parcellaire,CADASTRALPARCELS.COMMUNES
WMS,parcellaire,CADASTRALPARCELS.SECTIONS
WMS,parcellaire,CADASTRALPARCELS.GRAPHE
WMS,satellite,ORTHOIMAGERY.ORTHO-SAT.SPOT.2014.GRAPHE-MOSAIQUAGE
WMS,satellite,ORTHOIMAGERY.ORTHO-SAT.SPOT.2015.GRAPHE-MOSAIQUAGE
WMS,satellite,ORTHOIMAGERY.ORTHO-SAT.SPOT.2016.GRAPHE-MOSAIQUAGE
WMS,satellite,ORTHOIMAGERY.ORTHO-SAT.SPOT.2017.GRAPHE-MOSAIQUAGE
WMS,topographie,BDTOPO-GEOPO-BATI_WLD_WGS84G
WMS,topographie,hedge.hedge
WMS,topographie,BDTOPO-GEOPO-HYDROGRAPHIE_WLD_WGS84G
WMS,topographie,BDTOPO-GEOPO-OROGRAPHIE_WLD_WGS84G
WMS,topographie,UTILITYANDGOVERNMENTALSERVICES.MININT.POI.ACCUEIL_POLICE-GENDARMERIE
WMS,topographie,TRANSPORTNETWORK.COMMONTRANSPORTELEMENTS.MARKERPOST
WMS,topographie,BDTOPO-GEOPO-RESEAU_ROUTIER_WLD_WGS84G
WMS,topographie,BDTOPO-GEOPO-TRANSPORT_ENERGIE_WLD_WGS84G
WMS,topographie,BDTOPO-GEOPO-VEGETATION_WLD_WGS84G
WMS,topographie,BDTOPO-GEOPO-TRANSPORT_VOIES_FERREES_WLD_WGS84G
WMS,topographie,BDTOPO-GEOPO-ZONE-ACTIVITES_WLD_WGS84G
WMS,transports,TRANSPORTS.AIRNOISE
WMS,transports,TRANSPORTS.AIRNOISE.DOCS
WMS,transports,DGAC-PGS_BDD_FXX_WM_WMS
WMS,transports,DGAC-PGS-POI_BDD_FXX_WM_WM
WMS,transports,DGAC-PEB_BDD_FXX_WM_WMS
WMS,transports,DGAC-PEB-POI_BDD_WLD_WM
WMS,transports,SECUROUTE.TE.PN
WMS,transports,SECUROUTE.TE.PND
WMS,transports,SECUROUTE.TE.ALL
WMS,transports,SECUROUTE.TE.OA
WMS,transports,SECUROUTE.TE.1TE
WMS,transports,SECUROUTE.TE.2TE48
WMS,transports,SECUROUTE.TE.TE72
WMS,transports,SECUROUTE.TE.TE94
WMS,transports,SECUROUTE.TE.TE120
WMTS,administratif,ADMINEXPRESS-COG.LATEST
WMTS,administratif,ADMINEXPRESS-COG-CARTO.LATEST
WMTS,administratif,LIMITES_ADMINISTRATIVES_EXPRESS.LATEST
WMTS,agriculture,HYDROGRAPHY.BCAE.LATEST
WMTS,agriculture,PRAIRIES.SENSIBLES.BCAE
WMTS,agriculture,GEOGRAPHICALGRIDSYSTEMS.SLOPES.PAC
WMTS,agriculture,LANDUSE.AGRICULTURE2007
WMTS,agriculture,LANDUSE.AGRICULTURE2008
WMTS,agriculture,LANDUSE.AGRICULTURE2009
WMTS,agriculture,LANDUSE.AGRICULTURE2010
WMTS,agriculture,LANDUSE.AGRICULTURE2011
WMTS,agriculture,LANDUSE.AGRICULTURE2012
WMTS,agriculture,LANDUSE.AGRICULTURE2013
WMTS,agriculture,LANDUSE.AGRICULTURE2014
WMTS,agriculture,LANDUSE.AGRICULTURE2015
WMTS,agriculture,LANDUSE.AGRICULTURE2016
WMTS,agriculture,LANDUSE.AGRICULTURE2017
WMTS,agriculture,LANDUSE.AGRICULTURE2018
WMTS,agriculture,LANDUSE.AGRICULTURE2019
WMTS,agriculture,LANDUSE.AGRICULTURE2020
WMTS,agriculture,LANDUSE.AGRICULTURE2021
WMTS,agriculture,LANDUSE.AGRICULTURE.LATEST
WMTS,altimetrie,ELEVATION.SLOPES
WMTS,altimetrie,GEOGRAPHICALGRIDSYSTEMS.SLOPES.MOUNTAIN
WMTS,altimetrie,ELEVATION.CONTOUR.LINE
WMTS,altimetrie,ELEVATION.ELEVATIONGRIDCOVERAGE.SHADOW
WMTS,altimetrie,ELEVATIONGRIDCOVERAGE.HIGHRES.QUALITY
WMTS,altimetrie,ELEVATION.ELEVATIONGRIDCOVERAGE.HIGHRES.MNS
WMTS,altimetrie,ELEVATION.ELEVATIONGRIDCOVERAGE
WMTS,altimetrie,ELEVATION.ELEVATIONGRIDCOVERAGE.SRTM3
WMTS,altimetrie,ELEVATION.ELEVATIONGRIDCOVERAGE.HIGHRES
WMTS,altimetrie,ELEVATION.ELEVATIONGRIDCOVERAGE.THRESHOLD
WMTS,altimetrie,ELEVATION.LEVEL0
WMTS,cartes,GEOGRAPHICALGRIDSYSTEMS.BONNE
WMTS,cartes,GEOGRAPHICALGRIDSYSTEMS.ETATMAJOR10
WMTS,cartes,GEOGRAPHICALGRIDSYSTEMS.ETATMAJOR40
WMTS,cartes,GEOGRAPHICALGRIDSYSTEMS.1900TYPEMAPS
WMTS,cartes,GEOGRAPHICALGRIDSYSTEMS.MAPS.OVERVIEW
WMTS,cartes,GEOGRAPHICALGRIDSYSTEMS.PLANIGNV2
WMTS,cartes,GEOGRAPHICALGRIDSYSTEMS.MAPS.BDUNI.J1
WMTS,cartes,GEOGRAPHICALGRIDSYSTEMS.TERRIER_V1
WMTS,cartes,GEOGRAPHICALGRIDSYSTEMS.TERRIER_V2
WMTS,cartes,GEOGRAPHICALGRIDSYSTEMS.MAPS.SCAN50.1950
WMTS,clc,LANDCOVER.CLC90_FR
WMTS,clc,LANDCOVER.GRID.CLC90_FR
WMTS,clc,LANDCOVER.CLC00_FR
WMTS,clc,LANDCOVER.GRID.CLC00
WMTS,clc,LANDCOVER.GRID.CLC00_FR
WMTS,clc,LANDCOVER.GRID.CLC00_DOM
WMTS,clc,LANDCOVER.GRID.CLC00R_FR
WMTS,clc,LANDCOVER.CLC00_DOM
WMTS,clc,LANDCOVER.CLC00R_FR
WMTS,clc,LANDCOVER.CLC06_FR
WMTS,clc,LANDCOVER.GRID.CLC06
WMTS,clc,LANDCOVER.GRID.CLC06_FR
WMTS,clc,LANDCOVER.GRID.CLC06_DOM
WMTS,clc,LANDCOVER.GRID.CLC06R
WMTS,clc,LANDCOVER.GRID.CLC06R_FR
WMTS,clc,LANDCOVER.GRID.CLC06R_DOM
WMTS,clc,LANDCOVER.CLC06_DOM
WMTS,clc,LANDCOVER.CLC06R_FR
WMTS,clc,LANDCOVER.CLC06R_DOM
WMTS,clc,LANDCOVER.CLC12
WMTS,clc,LANDCOVER.CLC12_FR
WMTS,clc,LANDCOVER.GRID.CLC12
WMTS,clc,LANDCOVER.CLC12_DOM
WMTS,clc,LANDCOVER.HR.TCD.CLC12
WMTS,clc,LANDCOVER.HR.IMD.CLC12
WMTS,clc,LANDCOVER.HR.DLT.CLC12
WMTS,clc,LANDCOVER.CLC12R
WMTS,clc,LANDCOVER.CLC12R_FR
WMTS,clc,LANDCOVER.CLC12R_DOM
WMTS,clc,LANDCOVER.HR.GRA.CLC15
WMTS,clc,LANDCOVER.HR.TCD.CLC15
WMTS,clc,LANDCOVER.HR.IMD.CLC15
WMTS,clc,LANDCOVER.HR.DLT.CLC15
WMTS,clc,LANDCOVER.HR.WAW.CLC15
WMTS,clc,LANDCOVER.CLC18
WMTS,clc,LANDCOVER.CLC18_FR
WMTS,clc,LANDCOVER.CLC18_DOM
WMTS,clc,LANDCOVER.CHA00_FR
WMTS,clc,LANDCOVER.CHA06_FR
WMTS,clc,LANDCOVER.CHA06_DOM
WMTS,clc,LANDCOVER.CHA12_FR
WMTS,clc,LANDCOVER.CHA12_DOM
WMTS,clc,LANDCOVER.CHA18_FR
WMTS,clc,LANDCOVER.CHA18_DOM
WMTS,clc,LANDCOVER.CHA18
WMTS,cle personnelle *,GEOGRAPHICALGRIDSYSTEMS.MAPS.SCAN25TOUR.L93
WMTS,cle personnelle *,GEOGRAPHICALGRIDSYSTEMS.MAPS
WMTS,cle personnelle *,GEOGRAPHICALGRIDSYSTEMS.MAPS.SCAN25TOUR
WMTS,cle personnelle *,GEOGRAPHICALGRIDSYSTEMS.MAPS.SCAN-OACI
WMTS,decouverte,ORTHOIMAGERY.ORTHOPHOTOS
WMTS,decouverte,GEOGRAPHICALGRIDSYSTEMS.PLANIGNV2
WMTS,economie,INSEE.FILOSOFI.PART.ENFANTS.0.17.ANS.SECRET
WMTS,economie,INSEE.FILOSOFI.PART.PLUS.65.ANS.SECRET
WMTS,economie,INSEE.FILOSOFI.POPULATION
WMTS,economie,DREAL.ZONAGE_PINEL
WMTS,economie,INSEE.FILOSOFI.PART.FAMILLES.MONOPARENTALES.SECRET
WMTS,economie,INSEE.FILOSOFI.PART.INDIVIDUS.25.39.ANS.SECRET
WMTS,economie,INSEE.FILOSOFI.PART.INDIVIDUS.40.54.ANS.SECRET
WMTS,economie,INSEE.FILOSOFI.PART.INDIVIDUS.55.64.ANS.SECRET
WMTS,economie,INSEE.FILOSOFI.PART.LOGEMENTS.COLLECTIFS.SECRET
WMTS,economie,INSEE.FILOSOFI.PART.LOGEMENTS.APRES.1990.SECRET
WMTS,economie,INSEE.FILOSOFI.PART.LOGEMENTS.AVANT.1945.SECRET
WMTS,economie,INSEE.FILOSOfI.PART.LOGEMENTS.CONSTRUITS.1945.1970.SECRET
WMTS,economie,INSEE.FILOSOFI.PART.LOGEMENTS.CONSTRUITS.1970.1990.SECRET
WMTS,economie,INSEE.FILOSOFI.PART.LOGEMENTS.SOCIAUX.SECRET
WMTS,economie,INSEE.FILOSOFI.PART.MENAGES.5.PERSONNES.OUPLUS.SECRET
WMTS,economie,INSEE.FILOSOFI.PART.MENAGES.1.PERSONNE.SECRET
WMTS,economie,INSEE.FILOSOFI.PART.MENAGES.MAISON.SECRET
WMTS,economie,INSEE.FILOSOFI.PART.MENAGES.PAUVRES.SECRET
WMTS,economie,INSEE.FILOSOFI.PART.MENAGES.PROPRIETAIRES.SECRET
WMTS,economie,INSEE.FILOSOFI.NIVEAU.DE.VIE.SECRET
WMTS,economie,COMMUNES.PRIORITYDISCTRICT
WMTS,economie,INSEE.FILOSOFI.LOGEMENTS.SURFACE.MOYENNE.SECRET
WMTS,economie,AREAMANAGEMENT.ZFU
WMTS,economie,AREAMANAGEMENT.ZUS
WMTS,enr,ACCES.BIOMETHANE
WMTS,enr,BESOIN.CHALEUR.INDUSTRIEL
WMTS,enr,BESOIN.CHALEUR.RESIDENTIEL
WMTS,enr,BESOIN.CHALEUR.TERTIAIRE
WMTS,enr,BESOIN.FROID.TERTIAIRE
WMTS,enr,CAPACITE.ACCUEIL.ELECTRIQUE
WMTS,enr,CONSO.ELEC.COMMUNE
WMTS,enr,CONSO.GAZ.COMMUNE
WMTS,enr,ENR.AERO.CIVIL
WMTS,enr,ENR.AERO.MILITAIRE
WMTS,enr,ENR.PERIMETRE.HABITATION
WMTS,enr,ENR.PERIMETRE.PENTE
WMTS,enr,ENR.PERIMETRE.VOIE.FERREE
WMTS,enr,LOCALISATION.MATS.EOLIEN
WMTS,enr,PART.ENR.COMMUNE
WMTS,enr,POINTS.INJECTION.BIOMETHANE
WMTS,enr,POTENTIEL.EOLIEN.REGLEMENTAIRE
WMTS,enr,POTENTIEL.GEOTHERMIE
WMTS,enr,POTENTIEL.RESEAU.CHALEUR.PACA
WMTS,enr,POTENTIEL.RESEAU.CHAUD.FROID.PACA
WMTS,enr,POTENTIEL.RESEAU.FROID.PACA
WMTS,enr,POTENTIEL.SOLAIRE.BATIMENT
WMTS,enr,POTENTIEL.SOLAIRE.FRICHE
WMTS,enr,POTENTIEL.SOLAIRE.PARKING500
WMTS,enr,PROD.INSTALLATION.EOLIEN
WMTS,enr,PROD.INSTALLATION.HYDRO
WMTS,enr,PROD.INSTALLATION.PV
WMTS,enr,REPARTITION.POTENTIEL.METHANISATION.2050
WMTS,enr,SITE.PRODUCTION.CHALEUR.BIOGAZ
WMTS,enr,SITE.PRODUCTION.CHALEUR.COGENERATION
WMTS,enr,SITE.PRODUCTION.CHALEUR.DECHETS
WMTS,enr,SITE.PRODUCTION.CHALEUR.METHANISATON
WMTS,enr,SITE.PRODUCTION.CHALEUR.RC
WMTS,enr,SITE.PRODUCTION.CHALEUR.RC.BRETAGNE
WMTS,enr,SITE.PRODUCTION.CHALEUR.RC.PACA
WMTS,environnement,PROTECTEDAREAS.GP
WMTS,environnement,PROTECTEDAREAS.APLG
WMTS,environnement,PROTECTEDAREAS.APHN
WMTS,environnement,PROTECTEDAREAS.APB
WMTS,environnement,PROTECTEDAREAS.APG
WMTS,environnement,GEOGRAPHICALGRIDSYSTEM.DFCI
WMTS,environnement,LANDCOVER.FORESTINVENTORY.V1
WMTS,environnement,LANDCOVER.FORESTINVENTORY.V2
WMTS,environnement,PROTECTEDAREAS.MNHN.CDL.PARCELS
WMTS,environnement,PROTECTEDAREAS.MNHN.CDL.PERIMETER
WMTS,environnement,PROTECTEDAREAS.MNHN.CONSERVATOIRES
WMTS,environnement,FORETS.PUBLIQUES
WMTS,environnement,PROTECTEDAREAS.INPG
WMTS,environnement,PROTECTEDAREAS.PN
WMTS,environnement,PROTECTEDAREAS.PNM
WMTS,environnement,PROTECTEDAREAS.PNR
WMTS,environnement,PROTECTEDAREAS.MNHN.RN.PERIMETER
WMTS,environnement,PROTECTEDAREAS.PRSF
WMTS,environnement,LANDCOVER.FORESTAREAS
WMTS,environnement,PROTECTEDAREAS.RB
WMTS,environnement,PROTECTEDAREAS.BIOS
WMTS,environnement,PROTECTEDAREAS.RIPN
WMTS,environnement,PROTECTEDAREAS.RNCF
WMTS,environnement,PROTECTEDAREAS.RNC
WMTS,environnement,PROTECTEDAREAS.RN
WMTS,environnement,PROTECTEDSITES.MNHN.RESERVES-REGIONALES
WMTS,environnement,PROTECTEDAREAS.SIC
WMTS,environnement,PROTECTEDAREAS.ZPS
WMTS,environnement,LANDCOVER.SYLVOECOREGIONS
WMTS,environnement,LANDCOVER.SYLVOECOREGIONS.ALLUVIUM
WMTS,environnement,DEBROUSSAILLEMENT
WMTS,environnement,PROTECTEDAREAS.RAMSAR
WMTS,environnement,PROTECTEDAREAS.ZNIEFF1.SEA
WMTS,environnement,PROTECTEDAREAS.ZNIEFF1
WMTS,environnement,PROTECTEDAREAS.ZNIEFF2.SEA
WMTS,environnement,PROTECTEDAREAS.ZNIEFF2
WMTS,environnement,PROTECTEDAREAS.ZPR
WMTS,essentiels,CADASTRALPARCELS.PARCELLAIRE_EXPRESS
WMTS,essentiels,ORTHOIMAGERY.ORTHOPHOTOS
WMTS,essentiels,GEOGRAPHICALGRIDSYSTEMS.PLANIGNV2
WMTS,lambert93,CADASTRALPARCELS.PARCELS.L93
WMTS,lambert93,LIMITES_ADMINISTRATIVES_EXPRESS.LATEST.L93
WMTS,lambert93,HR.ORTHOIMAGERY.ORTHOPHOTOS.L93
WMTS,lambert93,ORTHOIMAGERY.ORTHOPHOTOS.BDORTHO.L93
WMTS,lambert93,ORTHOIMAGERY.ORTHOPHOTOS.ORTHO-EXPRESS.2019.L93
WMTS,lambert93,ORTHOIMAGERY.ORTHOPHOTOS.ORTHO-EXPRESS.2020.L93
WMTS,lambert93,ORTHOIMAGERY.ORTHOPHOTOS.ORTHO-EXPRESS.2021.L93
WMTS,lambert93,ORTHOIMAGERY.ORTHOPHOTOS.ORTHO-EXPRESS.2022.L93
WMTS,lambert93,ORTHOIMAGERY.ORTHOPHOTOS.IRC-EXPRESS.2019.L93
WMTS,lambert93,ORTHOIMAGERY.ORTHOPHOTOS.IRC-EXPRESS.2020.L93
WMTS,lambert93,ORTHOIMAGERY.ORTHOPHOTOS.IRC-EXPRESS.2021.L93
WMTS,lambert93,ORTHOIMAGERY.ORTHOPHOTOS.IRC-EXPRESS.2022.L93
WMTS,lambert93,CADASTRALPARCELS.PARCELLAIRE_EXPRESS.L93
WMTS,lambert93,GEOGRAPHICALGRIDSYSTEMS.PLANIGNV2.L93
WMTS,ocsge,OCSGE.CONSTRUCTIONS
WMTS,ocsge,OCSGE.CONSTRUCTIONS.2002
WMTS,ocsge,OCSGE.CONSTRUCTIONS.2010
WMTS,ocsge,OCSGE.CONSTRUCTIONS.2011
WMTS,ocsge,OCSGE.CONSTRUCTIONS.2014
WMTS,ocsge,OCSGE.CONSTRUCTIONS.2016
WMTS,ocsge,OCSGE.CONSTRUCTIONS.2017
WMTS,ocsge,OCSGE.CONSTRUCTIONS.2019
WMTS,ocsge,OCSGE.COUVERTURE
WMTS,ocsge,OCSGE.COUVERTURE.2002
WMTS,ocsge,OCSGE.COUVERTURE.2010
WMTS,ocsge,OCSGE.COUVERTURE.2011
WMTS,ocsge,OCSGE.COUVERTURE.2014
WMTS,ocsge,OCSGE.COUVERTURE.2016
WMTS,ocsge,OCSGE.COUVERTURE.2017
WMTS,ocsge,OCSGE.COUVERTURE.2019
WMTS,ocsge,OCSGE.USAGE
WMTS,ocsge,OCSGE.USAGE.2002
WMTS,ocsge,OCSGE.USAGE.2010
WMTS,ocsge,OCSGE.USAGE.2011
WMTS,ocsge,OCSGE.USAGE.2014
WMTS,ocsge,OCSGE.USAGE.2016
WMTS,ocsge,OCSGE.USAGE.2017
WMTS,ocsge,OCSGE.USAGE.2019
WMTS,ocsge,OCSGE.VISU.2019
WMTS,ocsge,OCSGE.VISU.2016
WMTS,ortho,HR.ORTHOIMAGERY.ORTHOPHOTOS
WMTS,ortho,ORTHOIMAGERY.ORTHOPHOTOS.BDORTHO
WMTS,ortho,ORTHOIMAGERY.ORTHOPHOTOS.ORTHO-EXPRESS.2022
WMTS,ortho,ORTHOIMAGERY.ORTHOPHOTOS.ORTHO-EXPRESS.2023
WMTS,ortho,ORTHOIMAGERY.ORTHOPHOTOS.IRC-EXPRESS.2022
WMTS,ortho,ORTHOIMAGERY.ORTHOPHOTOS.IRC-EXPRESS.2023
WMTS,ortho,ORTHOIMAGERY.ORTHOPHOTOS.IRC
WMTS,ortho,THR.ORTHOIMAGERY.ORTHOPHOTOS
WMTS,ortho,ORTHOIMAGERY.ORTHOPHOTOS.ORTHO-ASP_PAC2023
WMTS,ortho,ORTHOIMAGERY.ORTHOPHOTOS.COAST2000
WMTS,ortho,PCRS.LAMB93
WMTS,ortho,ORTHOIMAGERY.ORTHOPHOTOS
WMTS,ortho,ORTHOIMAGERY.ORTHOPHOTOS.ILESDUNORD
WMTS,ortho,ORTHOIMAGERY.ORTHOPHOTOS.RESTRICTEDAREAS
WMTS,orthohisto,ORTHOIMAGERY.ORTHOPHOTOS.SOCLE-ASP.2018
WMTS,orthohisto,ORTHOIMAGERY.ORTHOPHOTOS.ORTHO-EXPRESS.2021
WMTS,orthohisto,ORTHOIMAGERY.ORTHOPHOTOS.IRC-EXPRESS.2021
WMTS,orthohisto,ORTHOIMAGERY.ORTHOPHOTOS.IRC.2013
WMTS,orthohisto,ORTHOIMAGERY.ORTHOPHOTOS.IRC.2014
WMTS,orthohisto,ORTHOIMAGERY.ORTHOPHOTOS.IRC.2015
WMTS,orthohisto,ORTHOIMAGERY.ORTHOPHOTOS.IRC.2016
WMTS,orthohisto,ORTHOIMAGERY.ORTHOPHOTOS.IRC.2017
WMTS,orthohisto,ORTHOIMAGERY.ORTHOPHOTOS.IRC.2018
WMTS,orthohisto,ORTHOIMAGERY.ORTHOPHOTOS.IRC.2019
WMTS,orthohisto,ORTHOIMAGERY.ORTHOPHOTOS.IRC.2020
WMTS,orthohisto,ORTHOIMAGERY.ORTHOPHOTOS.ORTHO-ASP_PAC2020
WMTS,orthohisto,ORTHOIMAGERY.ORTHOPHOTOS.ORTHO-ASP_PAC2021
WMTS,orthohisto,ORTHOIMAGERY.ORTHOPHOTOS.ORTHO-ASP_PAC2022
WMTS,orthohisto,ORTHOIMAGERY.ORTHOPHOTOS.URGENCE.ALEX
WMTS,orthohisto,ORTHOIMAGERY.ORTHOPHOTOS.1950-1965
WMTS,orthohisto,ORTHOIMAGERY.ORTHOPHOTOS2000
WMTS,orthohisto,ORTHOIMAGERY.ORTHOPHOTOS2000-2005
WMTS,orthohisto,ORTHOIMAGERY.ORTHOPHOTOS2001
WMTS,orthohisto,ORTHOIMAGERY.ORTHOPHOTOS2002
WMTS,orthohisto,ORTHOIMAGERY.ORTHOPHOTOS2003
WMTS,orthohisto,ORTHOIMAGERY.ORTHOPHOTOS2004
WMTS,orthohisto,ORTHOIMAGERY.ORTHOPHOTOS2005
WMTS,orthohisto,ORTHOIMAGERY.ORTHOPHOTOS2006
WMTS,orthohisto,ORTHOIMAGERY.ORTHOPHOTOS2006-2010
WMTS,orthohisto,ORTHOIMAGERY.ORTHOPHOTOS2007
WMTS,orthohisto,ORTHOIMAGERY.ORTHOPHOTOS2008
WMTS,orthohisto,ORTHOIMAGERY.ORTHOPHOTOS2009
WMTS,orthohisto,ORTHOIMAGERY.ORTHOPHOTOS2010
WMTS,orthohisto,ORTHOIMAGERY.ORTHOPHOTOS2011
WMTS,orthohisto,ORTHOIMAGERY.ORTHOPHOTOS2011-2015
WMTS,orthohisto,ORTHOIMAGERY.ORTHOPHOTOS2012
WMTS,orthohisto,ORTHOIMAGERY.ORTHOPHOTOS2013
WMTS,orthohisto,ORTHOIMAGERY.ORTHOPHOTOS2014
WMTS,orthohisto,ORTHOIMAGERY.ORTHOPHOTOS2015
WMTS,orthohisto,ORTHOIMAGERY.ORTHOPHOTOS2016
WMTS,orthohisto,ORTHOIMAGERY.ORTHOPHOTOS2017
WMTS,orthohisto,ORTHOIMAGERY.ORTHOPHOTOS2018
WMTS,orthohisto,ORTHOIMAGERY.ORTHOPHOTOS2019
WMTS,orthohisto,ORTHOIMAGERY.ORTHOPHOTOS2020
WMTS,parcellaire,CADASTRALPARCELS.PARCELS
WMTS,parcellaire,CADASTRALPARCELS.HEATMAP
WMTS,parcellaire,Aire-Parcellaire
WMTS,parcellaire,CADASTRALPARCELS.PARCELLAIRE_EXPRESS
WMTS,parcellaire,CADASTRALPARCELS.HISTO.2008-2013.PARCELS
WMTS,satellite,ORTHOIMAGERY.ORTHO-SAT.PLEIADES.2012
WMTS,satellite,ORTHOIMAGERY.ORTHO-SAT.PLEIADES.2013
WMTS,satellite,ORTHOIMAGERY.ORTHO-SAT.PLEIADES.2014
WMTS,satellite,ORTHOIMAGERY.ORTHO-SAT.PLEIADES.2015
WMTS,satellite,ORTHOIMAGERY.ORTHO-SAT.PLEIADES.2016
WMTS,satellite,ORTHOIMAGERY.ORTHO-SAT.PLEIADES.2017
WMTS,satellite,ORTHOIMAGERY.ORTHO-SAT.PLEIADES.2018
WMTS,satellite,ORTHOIMAGERY.ORTHO-SAT.PLEIADES.2019
WMTS,satellite,ORTHOIMAGERY.ORTHO-SAT.PLEIADES.2020
WMTS,satellite,ORTHOIMAGERY.ORTHO-SAT.PLEIADES.2021
WMTS,satellite,ORTHOIMAGERY.ORTHO-SAT.PLEIADES.2022
WMTS,satellite,ORTHOIMAGERY.ORTHO-SAT.RAPIDEYE.2010
WMTS,satellite,ORTHOIMAGERY.ORTHO-SAT.RAPIDEYE.2011
WMTS,satellite,ORTHOIMAGERY.ORTHO-SAT.SPOT.2013
WMTS,satellite,ORTHOIMAGERY.ORTHO-SAT.SPOT.2014
WMTS,satellite,ORTHOIMAGERY.ORTHO-SAT.SPOT.2015
WMTS,satellite,ORTHOIMAGERY.ORTHO-SAT.SPOT.2016
WMTS,satellite,ORTHOIMAGERY.ORTHO-SAT.SPOT.2017
WMTS,satellite,ORTHOIMAGERY.ORTHO-SAT.SPOT.2018
WMTS,satellite,ORTHOIMAGERY.ORTHO-SAT.SPOT.2019
WMTS,satellite,ORTHOIMAGERY.ORTHO-SAT.SPOT.2020
WMTS,satellite,ORTHOIMAGERY.ORTHO-SAT.SPOT.2021
WMTS,sol,BDCARTO_ETAT-MAJOR.NIVEAU3
WMTS,sol,BDCARTO_ETAT-MAJOR.NIVEAU4
WMTS,topographie,BUILDINGS.BUILDINGS
WMTS,topographie,GEOGRAPHICALNAMES.NAMES
WMTS,topographie,hedge.hedge
WMTS,topographie,UTILITYANDGOVERNMENTALSERVICES.ALL
WMTS,topographie,TRANSPORTNETWORKS.RUNWAYS
WMTS,topographie,TRANSPORTNETWORK.COMMONTRANSPORTELEMENTS.MARKERPOST
WMTS,topographie,HYDROGRAPHY.HYDROGRAPHY
WMTS,topographie,TRANSPORTNETWORKS.RAILWAYS
WMTS,topographie,TRANSPORTNETWORKS.ROADS
WMTS,transports,SECUROUTE.TE.PN
WMTS,transports,SECUROUTE.TE.PND
WMTS,transports,SECUROUTE.TE.ALL
WMTS,transports,SECUROUTE.TE.OA
WMTS,transports,SECUROUTE.TE.1TE
WMTS,transports,SECUROUTE.TE.2TE48
WMTS,transports,SECUROUTE.TE.TE72
WMTS,transports,SECUROUTE.TE.TE94
WMTS,transports,SECUROUTE.TE.TE120
WMTS,transports,TRANSPORTS.DRONES.RESTRICTIONS
WMTS,transports,TRANSPORTNETWORKS.ROADS.DIRECTION
